name,email,country,salary,experience
Maite,ut.aliquam@laoreetposuere.co.uk,Rwanda,88727,2
Jenette,metus.facilisis@vel.edu,WesternSahara,68710,7
Fatima,mi.ac@etcommodoat.edu,Nigeria,47873,8
Hashim,natoque@magnaSed.org,"Korea,North",4888,9
Cullen,justo.Praesent@sedest.ca,Timor-Leste,0319,4
Kevyn,et.ultrices@ut.ca,Syria,82065,3
Odette,lobortis@dolorquamelementum.net,Azerbaijan,1423,9
Ruby,Nullam@erat.net,India,45741,4
Sybill,gravida.molestie@Phasellusdapibus.net,Ghana,12730,8
Alec,fringilla.Donec@tinciduntneque.edu,FrenchSouthernTerritories,37484,2
Alika,sociis.natoque.penatibus@tempusnonlacinia.edu,SaintKittsandNevis,97109,2
Dane,elementum@consectetuerrhoncus.com,Luxembourg,94825,6
Tanner,facilisi.Sed.neque@tincidunt.edu,Kenya,22050,4
Keith,parturient.montes.nascetur@orciUtsagittis.org,Curaçao,25841,9
Scott,luctus.lobortis@interdumfeugiatSed.ca,Grenada,16167,9
Cameron,nunc.id@orci.edu,Sweden,92684,6
Felicia,fringilla.mi@Nunc.co.uk,Belgium,24227,2
Matthew,montes.nascetur@mattisInteger.com,WallisandFutuna,42658,3
Amery,bibendum@dictumProin.co.uk,Kiribati,96992,8
Nero,semper.tellus.id@nonegestas.net,Belarus,47166,3
Lester,mauris.blandit@estmauris.ca,Togo,6901,5
Lars,tincidunt.adipiscing.Mauris@nonsapien.ca,Malta,70087,4
Justin,augue.id@egetodio.co.uk,Austria,30915,6
Sophia,nulla@Duis.org,Jersey,77982,7
Keaton,non.sollicitudin@placerat.net,Zimbabwe,86331,3
Abra,Duis.gravida@Phasellusfermentum.co.uk,Slovenia,76422,6
Lilah,nec.ligula@lectusjusto.ca,Pakistan,47125,3
Charissa,semper.et@in.net,"Korea,North",31118,2
Chaney,nunc.interdum@Donecfeugiat.co.uk,Mauritius,92269,9
Nicole,sem.eget@Nunc.com,Chile,67217,3
Yoshio,arcu@massa.net,Syria,23383,4
Elvis,nec@enim.co.uk,NewCaledonia,60920,10
Ulla,eget@purusDuis.net,BurkinaFaso,78163,10
Knox,ipsum.Donec@Proin.ca,Eritrea,32160,1
Prescott,Integer.vulputate@euelit.org,Myanmar,45825,10
Teegan,velit@Nullasemper.com,PapuaNewGuinea,41039,8
Orli,pharetra@Phaselluselitpede.com,Iran,91959,9
Geraldine,magna.nec@sodaleseliterat.com,TrinidadandTobago,42319,7
Shafira,Donec.feugiat.metus@quispedePraesent.net,Bulgaria,17065,9
Tucker,sapien.Aenean.massa@dolorQuisque.ca,Poland,70868,4
Ora,fermentum@enimnec.net,WallisandFutuna,82251,2
Kirk,nonummy.Fusce@estmollisnon.co.uk,Ghana,13155,3
Amena,Quisque.nonummy@dolorFuscefeugiat.com,Ukraine,49332,9
Ulric,taciti.sociosqu.ad@actellus.co.uk,Haiti,88283,8
Rylee,nunc.id@nonhendrerit.com,FrenchSouthernTerritories,7323,9
Herman,dis.parturient@ametlorem.ca,Gabon,9210,9
Timothy,Sed@aliquet.com,Greece,12026,10
Evelyn,Duis@Aliquamultrices.com,Kiribati,73530,6
Keiko,Fusce@Pellentesque.org,Anguilla,48165,7
Gavin,est.mollis.non@purusin.co.uk,Suriname,8078,9
Knox,auctor@nonante.org,Lithuania,59580,6
Philip,accumsan.sed.facilisis@dignissim.edu,Cambodia,40725,7
Brooke,tellus@condimentum.org,UnitedArabEmirates,62292,8
Carter,Duis.mi.enim@Sedpharetrafelis.ca,Malaysia,6550,6
Jameson,nec@ornareIn.org,Argentina,11702,6
Thor,diam@et.edu,Denmark,57950,9
Jolene,ante.dictum@ultricesmaurisipsum.edu,Brazil,90418,3
Austin,scelerisque.mollis@dapibusgravida.net,Colombia,41382,3
Jorden,metus@leoVivamus.edu,Italy,50711,1
Kenyon,sapien.Nunc@dolorsitamet.edu,Montserrat,9703,1
Regan,ornare.sagittis.felis@accumsannequeet.net,Benin,22553,5
Katell,augue.Sed.molestie@Sed.ca,"Korea,South",81120,3
Brittany,tempor@nuncsedpede.co.uk,Benin,50050,10
Jena,elementum.sem@vehiculaaliquetlibero.net,PapuaNewGuinea,83637,2
Erasmus,Vestibulum@erat.co.uk,Macao,5709,7
Jemima,Nullam@ullamcorper.edu,Mexico,15634,1
Geraldine,placerat.eget.venenatis@euneque.co.uk,Tunisia,53793,4
Lynn,aliquet.magna.a@dolorquamelementum.com,SaudiArabia,42367,7
Yardley,sed.libero.Proin@idlibero.org,Turkmenistan,67518,6
Latifah,metus@lectusconvallis.net,Haiti,23258,2
Amela,Vivamus.nibh.dolor@nequetellus.org,Aruba,11385,6
Brennan,sed.orci@enimnec.net,Gabon,15732,3
Blake,non.luctus.sit@nulla.net,Nauru,14243,3
Lee,non.sollicitudin@mattis.net,Bhutan,0695,8
Tana,sollicitudin.commodo.ipsum@dignissim.com,HongKong,28519,10
Zeph,gravida.Praesent.eu@atauctor.ca,Guatemala,96816,9
Medge,et@pellentesquea.net,Portugal,50008,4
Elizabeth,at@sed.ca,Macedonia,14961,5
Sean,sodales.at@aarcu.net,Nicaragua,55259,3
Carlos,Ut.semper.pretium@luctus.net,Botswana,16067,10
Madison,iaculis@odiosagittis.org,Turkey,25298,1
Hammett,risus.Nunc.ac@semmollis.net,CôteD'Ivoire(IvoryCoast),58328,4
Danielle,Nunc.ullamcorper.velit@nec.com,TurksandCaicosIslands,34535,3
Brielle,dui.nec.urna@tellus.com,Palau,12884,5
McKenzie,In.faucibus.Morbi@consectetueradipiscingelit.org,Macao,54544,3
Francesca,felis.eget.varius@necleoMorbi.com,SouthAfrica,76346,8
Kevyn,dui.quis@fringillaDonecfeugiat.org,SolomonIslands,59430,8
Edward,ac.fermentum.vel@disparturientmontes.co.uk,AmericanSamoa,56194,6
Ethan,massa@acmetus.edu,CapeVerde,94194,2
Shoshana,Phasellus@sitametconsectetuer.ca,Ethiopia,13935,3
Quinlan,risus@elitpretium.ca,Congo(Brazzaville),95251,5
Amity,est.Nunc.laoreet@Suspendissecommodo.edu,Guinea-Bissau,63118,7
Dominic,laoreet.posuere.enim@a.org,"VirginIslands,UnitedStates",17106,6
Joshua,malesuada.id@tincidunt.ca,"Congo,theDemocraticRepublicofthe",17661,7
Connor,id.blandit@elitpharetra.org,EquatorialGuinea,60016,3
Ignatius,Cras.interdum@pharetranibhAliquam.edu,SouthSudan,41460,10
Amena,mauris.Suspendisse@Duissit.edu,Georgia,28457,5
Pamela,cursus.luctus.ipsum@malesuada.edu,Lithuania,27519,6
Gabriel,in.consequat@massaMauris.ca,WesternSahara,41172,3
Aristotle,sit.amet@dignissimpharetra.ca,Seychelles,73840,1